trial,s_trending,s_volatile,s_crash,sharpe,sortino,cagr,max_dd,cum_ret
0,0.7739560485559633,0.6583176596280784,0.42929895995569123,0.6619,0.957,9.07,-24.59,72.33
1,0.6973680290593639,0.1412660218314743,0.48781117581837796,0.742,1.0812,10.69,-24.04,89.05
2,0.761139701990353,1.1790964579154308,0.06405681633777294,0.5819,0.8339,8.54,-29.92,67.13
3,0.45038593789556713,0.5561970363488719,0.4633824944243009,0.6849,0.988,9.69,-25.17,78.58
4,0.6438651200806645,1.234142419906245,0.22170709941366556,0.6114,0.8783,8.76,-28.04,69.32
5,0.2272387217847769,0.8318771805237521,0.03190862805208766,0.5781,0.8234,8.9,-31.97,70.64
6,0.8276311719925821,0.9474965986830972,0.3790438700426869,0.6409,0.925,8.81,-25.46,69.79
7,0.35452596812986836,1.4560470365923548,0.44656056066109884,0.6533,0.939,9.2,-25.74,73.63
8,0.7783834970737619,0.29195806177795136,0.2333605018635171,0.6726,0.9723,10.0,-27.51,81.74
9,0.04380376578722878,0.23143423810132174,0.3415244766212273,0.6995,1.0042,10.99,-28.3,92.25
10,0.7447621559078171,1.451264598651315,0.16291267906907597,0.5997,0.8611,8.63,-28.58,68.07
11,0.3704597060348689,0.7043337169137118,0.09473567954214285,0.5963,0.852,9.0,-30.66,71.67
12,0.12992150533547164,0.7135573893389007,0.11345467452544206,0.597,0.8507,9.19,-31.17,73.55
13,0.6698139946825103,0.6557278783084961,0.4163390980289187,0.6601,0.9533,9.14,-25.17,73.02
14,0.7002651020022491,0.4685499620730616,0.41612990069760053,0.6863,0.9936,9.66,-25.08,78.33
15,0.8047643574968019,0.5812175685452616,0.14416405196512205,0.6185,0.889,9.08,-28.87,72.45
16,0.6824955039749755,0.2096287254139647,0.09995410123755416,0.6589,0.95,10.2,-29.65,83.83
17,0.007362269751005512,1.1803865662532076,0.33242542829601607,0.6252,0.8918,9.37,-28.55,75.39
18,0.7051653786263351,1.1710935465329517,0.22945788776916998,0.6125,0.8805,8.72,-27.76,68.94
19,0.5687411959528937,0.20969549719148617,0.05726503676798672,0.654,0.9409,10.29,-30.55,84.79
20,0.6684029617904717,0.7066443092146988,0.2826180532405944,0.6272,0.9027,8.89,-27.1,70.59
21,0.7649988574160256,0.9520774800008862,0.2767897003289979,0.6195,0.8921,8.69,-26.88,68.65
22,0.5592071607454135,0.4559251470939183,0.015408917283969703,0.6155,0.882,9.52,-31.16,76.81
23,0.43671738923236236,0.3218770092292938,0.20426432186231808,0.6695,0.9634,10.24,-28.92,84.27
24,0.8534030732681661,0.3509092287980111,0.02915137084453301,0.6267,0.9008,9.64,-30.45,78.03
25,0.28138389202199654,0.4403906366500254,0.33095825736344753,0.6755,0.9708,10.12,-27.64,82.98
26,0.5570321523412783,1.1758473136596201,0.33215677016369377,0.6331,0.9106,8.94,-26.7,71.02
27,0.4063868614400705,1.221030576999052,0.08348645995385195,0.5895,0.8423,8.86,-30.7,70.23
28,0.022712073133860478,0.13507179116346263,0.36117967529822514,0.7141,1.0267,11.33,-28.1,95.98
29,0.4618772302513874,0.2419076685504027,0.25052238755168177,0.6877,0.992,10.49,-28.18,86.94
30,0.15231210271316842,1.044480562616604,0.22307813778701535,0.6113,0.8726,9.19,-29.58,73.5
31,0.3810212260964825,0.4522681337218148,0.31514129655944423,0.6723,0.9673,9.98,-27.53,81.58
32,0.3618126105533904,0.1314748789741515,0.05900295106025766,0.6672,0.9588,10.77,-31.18,89.88
33,0.9618976645495145,1.3628710360614105,0.3498535669053748,0.6352,0.9161,8.79,-25.89,69.57
34,0.2658699614595196,1.4537645660215859,0.3893754519828973,0.6415,0.9198,9.23,-26.87,73.93
35,0.7168901891589956,0.674042253215683,0.1361207809225795,0.6034,0.8662,8.81,-29.05,69.78
36,0.0963909621534993,1.3539035948157625,0.22788814491680554,0.6109,0.8714,9.23,-29.7,73.94
37,0.20236336479523032,0.45893493622597875,0.289609784470948,0.6638,0.9518,10.08,-28.49,82.64
38,0.1767727829392317,1.2849214261385633,0.37925976491760505,0.6377,0.9128,9.29,-27.31,74.53
39,0.7194629559509368,0.6481395596626556,0.3136544203512216,0.64,0.9227,9.03,-26.51,71.91
40,0.5840979689127356,0.97476990233223,0.042222160569944545,0.5805,0.8303,8.66,-30.72,68.3
41,0.41580740217060963,0.06242126079283872,0.24699540962225947,0.708,1.0232,11.07,-28.38,93.19
42,0.3298612123327853,0.21678628329907035,0.05170148386127582,0.6562,0.9414,10.54,-31.38,87.44
43,0.587644572177712,0.25588945280532915,0.4625600591883986,0.7249,1.0521,10.46,-24.73,86.57
44,0.581061139700395,0.5203047068022556,0.2954577457407084,0.6576,0.9473,9.54,-27.16,77.09
45,0.022803871029697498,1.437838819862168,0.24115171847145012,0.6113,0.8711,9.29,-29.77,74.56
46,0.7827352272502862,0.12409499988365785,0.24332916541908017,0.6931,1.0045,10.47,-27.46,86.72
47,0.4907069943545209,1.4067396824624743,0.2858640261880377,0.6248,0.8971,8.96,-27.58,71.24
48,0.4734894010569538,0.40046349463784037,0.1657844986712761,0.6517,0.9366,9.92,-29.34,80.99
49,0.5206724024715378,0.6583671904575701,0.010806039940165213,0.587,0.8391,8.92,-31.34,70.88
50,0.8262919241943578,1.34424115775965,0.07012454449930539,0.5829,0.8354,8.55,-29.87,67.23
51,0.5540361435390494,0.16286361170316532,0.33612004651990585,0.7119,1.0312,10.68,-26.65,88.97
52,0.2812337838390083,0.9891339520378526,0.3634973071434413,0.6373,0.9136,9.2,-27.18,73.62
53,0.768647491917657,0.16161141893384484,0.45800592256880396,0.7302,1.0637,10.49,-24.22,86.93
54,0.23021399089488082,0.05611883426426967,0.2774262346957417,0.7139,1.0297,11.32,-28.57,95.91
55,0.37092228386243875,1.2446846146986197,0.4041257360321509,0.6459,0.9279,9.16,-26.3,73.2
56,0.31713889282271535,1.4293490926046175,0.1454589190700593,0.6001,0.8574,8.99,-30.12,71.54
57,0.5150571292317145,0.3839476358514041,0.46802178502448166,0.7107,1.0287,10.17,-24.88,83.51
58,0.16460781758201815,0.06736592908849348,0.21754853000151897,0.7018,1.0098,11.31,-29.62,95.8
59,0.992375564055837,1.337515899382371,0.3743040097284746,0.64,0.9235,8.81,-25.53,69.76
60,0.8907924908785249,1.3401699595467949,0.25942918019322453,0.6177,0.889,8.71,-27.19,68.85
61,0.315929051830793,1.158018648166482,0.33083063158388054,0.6321,0.9062,9.15,-27.53,73.1
62,0.37365772887371007,0.1417000020922729,0.373394805674513,0.7226,1.0452,10.98,-26.73,92.21
63,0.2624605159228647,1.405219725800669,0.12048528750284238,0.5957,0.8502,9.01,-30.65,71.76
64,0.12275793241148603,1.2466690081873593,0.07664215831224702,0.5875,0.8364,9.08,-31.69,72.45
65,0.1792683081577391,0.8990741872812653,0.43728102041873224,0.6476,0.9279,9.33,-26.48,74.93
66,0.19643466571457324,0.46548550935014216,0.3887024191205888,0.6799,0.9764,10.14,-27.11,83.25
67,0.9718264260609674,0.7511117793035135,0.07194875127562539,0.5831,0.8357,8.55,-29.85,67.22
68,0.013936287708201545,0.3444840449982829,0.06591110889326052,0.6387,0.9113,10.41,-32.19,86.06
69,0.6776586736128575,0.1827487569427967,0.2531649658103165,0.6912,1.0005,10.42,-27.5,86.11
70,0.6942624356428865,0.8716749138313535,0.09988782583002881,0.5889,0.8442,8.62,-29.62,67.91
71,0.8041245261822627,1.0731106944237025,0.3694920019577709,0.6412,0.9252,8.84,-25.65,70.06
72,0.13105775155731325,0.1856307054755169,0.4637812755032538,0.7293,1.0516,11.16,-26.27,94.08
73,0.39757819382494064,0.4514230376714096,0.24429202267576666,0.6595,0.9478,9.91,-28.48,80.85
74,0.6628642127635824,1.4334348855704548,0.1432231134410275,0.5968,0.8561,8.68,-29.1,68.49
75,0.9248084293120271,0.037289237079384474,0.27759902116341234,0.7113,1.0332,10.79,-26.93,90.1
76,0.6339751116810851,0.15884610562612994,0.07016979853195632,0.6607,0.952,10.38,-30.2,85.7
77,0.41911431931630383,1.4493478682147725,0.2980212766171864,0.627,0.8997,9.03,-27.65,71.97
78,0.9330232216002112,1.206541373419456,0.23369080077764576,0.6128,0.8815,8.69,-27.56,68.64
79,0.7847634492521874,0.026755175965481603,0.05457199838286747,0.669,0.9664,10.6,-30.13,88.12
80,0.8294286148827363,1.1952256324877426,0.11632037098321685,0.5912,0.8481,8.59,-29.22,67.64
81,0.5307695905990535,0.9090237310500164,0.4338694768880056,0.6525,0.9402,9.04,-25.32,72.03
82,0.6031071573387257,0.6188573539105204,0.18709202170359135,0.6226,0.8941,9.12,-28.64,72.88
83,0.4258820863735099,0.9778965383699613,0.43374531587616244,0.652,0.938,9.13,-25.68,72.96
84,0.45389688207629975,0.3717593444270372,0.11833118149879057,0.6472,0.9292,9.99,-30.06,81.69
85,0.7460142802434464,1.2248531451358655,0.05263903992706248,0.5798,0.8307,8.53,-30.13,67.09
86,0.06655885695517816,0.8916504956346777,0.07308662209634914,0.5862,0.8339,9.12,-31.92,72.83
87,0.8246641904563413,0.46550201088611165,0.07193596648557132,0.6193,0.8898,9.33,-29.85,74.93
88,0.9209704724874502,0.24829758410291725,0.14236004116896778,0.6608,0.9536,10.05,-28.86,82.31
89,0.15361339519205863,0.17323509549803245,0.010574008168220017,0.6548,0.9372,10.82,-32.49,90.41
90,0.05539540916426011,0.26196220640377904,0.026690966313587694,0.6443,0.9202,10.62,-32.58,88.26
91,0.5911438161109712,1.0210717901992596,0.19681522841601412,0.6077,0.872,8.79,-28.54,69.6
92,0.3179910969520494,0.7567893555333451,0.4375024711173043,0.6502,0.9338,9.21,-26.0,73.7
93,0.851131626822206,0.06521259301918791,0.09074920479826204,0.6728,0.9723,10.55,-29.58,87.57
94,0.23674487110439602,0.37408136374831774,0.28561632587138636,0.6762,0.9711,10.34,-28.43,85.28
95,0.4162624257031923,0.07388117989139098,0.1868070692297858,0.6958,1.0041,10.99,-29.23,92.28
96,0.5237529487176372,0.15250785435557396,0.41672927689427985,0.7289,1.0576,10.81,-25.6,90.32
97,0.051961866465104256,1.387262803527093,0.04955657078993775,0.5824,0.8281,9.11,-32.29,72.72
98,0.8435749515977528,1.3539797158914255,0.48978534029329635,0.6631,0.9595,8.89,-23.84,70.6
99,0.8020258802735936,1.1692163111569933,0.32124163799777383,0.6314,0.9101,8.8,-26.34,69.64
100,0.778996354578129,0.20182831261972062,0.26803401797381865,0.6905,1.0003,10.29,-27.01,84.85
101,0.5142228701904145,1.2863582161838363,0.23139968279675793,0.6148,0.882,8.89,-28.28,70.58
102,0.3850894961003535,0.9593449068556652,0.13323165875042303,0.598,0.8551,8.92,-30.08,70.86
103,0.13976841095395687,0.7168159110356187,0.2084446842974425,0.6121,0.8735,9.26,-29.83,74.22
104,0.2325699405288737,0.551267715172692,0.1831962249131237,0.6323,0.9044,9.67,-29.87,78.33
105,0.32749556441254546,0.5691961195903934,0.3428716727279727,0.6588,0.9462,9.66,-27.32,78.28
106,0.2968764745712853,1.4232868900730107,0.45817400976908895,0.6543,0.9397,9.25,-25.78,74.18
107,0.4809104283000786,0.4925418075070332,0.26771739491500157,0.6579,0.9464,9.72,-27.87,78.89
108,0.8485604887736246,0.9788810108401531,0.4021959139735387,0.6455,0.9321,8.83,-25.13,69.97
109,0.5327222760657402,0.9493764439014312,0.14407780709123086,0.599,0.858,8.8,-29.45,69.67
110,0.7348931623102908,0.3036068896885775,0.3473990644092491,0.6938,1.0054,10.07,-25.97,82.5
111,0.8607190683258941,0.1981542559523159,0.3071898702709599,0.6987,1.0132,10.34,-26.5,85.31
112,0.0950957482299346,1.0885734424071403,0.042246609411760117,0.5818,0.8276,9.07,-32.25,72.34
113,0.935939822700626,0.20611189505670324,0.4794401229545402,0.7321,1.0661,10.44,-24.0,86.36
114,0.8008841760850967,0.8905230066995311,0.39131205231477345,0.6451,0.9313,8.85,-25.33,70.16
115,0.7951148389830859,1.4190405942259954,0.1266916769195936,0.5914,0.8485,8.57,-29.11,67.43
116,0.5900758953583092,0.14257379634660183,0.30808285001206065,0.7082,1.026,10.68,-26.96,88.92
117,0.1712913040927888,0.8474259172086628,0.28621525701692485,0.6182,0.8834,9.15,-28.64,73.16
118,0.46598515298122734,0.7839476632696842,0.38196169500329397,0.643,0.9248,9.06,-26.29,72.26
119,0.7992447165120666,0.7382298233631437,0.29979672076130615,0.6286,0.9056,8.8,-26.65,69.73
120,0.9312362356901018,0.17960038275168422,0.05855178295005525,0.6535,0.9421,10.18,-30.04,83.65
121,0.08770901191076841,0.9867949275607917,0.20930415039518974,0.6078,0.8666,9.22,-29.98,73.85
122,0.7743214161418432,1.006847119962889,0.16681887916411908,0.6015,0.864,8.65,-28.37,68.25
123,0.8983665473615358,1.1437982206059785,0.13526747045508786,0.5946,0.8534,8.61,-28.96,67.81
124,0.364192017772054,0.47165997030639434,0.07880582431249983,0.627,0.8975,9.73,-30.9,78.94
125,0.14778337254219165,1.4041911950636161,0.21895201859937663,0.6105,0.8714,9.19,-29.65,73.5
126,0.38331982277740984,1.0945285630160668,0.27649653262644996,0.623,0.8931,9.04,-28.07,72.1
127,0.9361399868384622,1.1704522408640883,0.23968478206227017,0.614,0.8833,8.7,-27.47,68.69
128,0.3763594734808262,1.479947317386483,0.35888011800182174,0.6378,0.9156,9.12,-26.93,72.82
129,0.9511946600038411,0.17771786582556204,0.4252668395953913,0.7245,1.0541,10.49,-24.79,86.86
130,0.6370738839912076,0.18288251750266887,0.29412899998461034,0.6998,1.0135,10.49,-27.02,86.92
131,0.6860963651054488,0.018454028832904257,0.22715898092087328,0.7047,1.022,10.87,-27.85,90.97
132,0.8253995111963212,0.4430385380161348,0.22927404089927556,0.6519,0.9404,9.54,-27.62,77.04
133,0.4423141270678932,0.4528910871637374,0.4592209477577771,0.7001,1.0111,10.04,-25.26,82.15
134,0.7812940354315159,0.16588261649416575,0.49851732891878653,0.741,1.0803,10.57,-23.63,87.79
135,0.8792000243077452,0.42586265679605845,0.4184482898304691,0.6919,1.0028,9.74,-24.89,79.13
136,0.10641953187138287,1.498657095711358,0.33284236805326844,0.6281,0.8975,9.31,-28.2,74.7
137,0.650125015558797,0.13566109047619912,0.44851669944831263,0.7351,1.0695,10.73,-24.76,89.44
138,0.028999503204469423,0.36124208706172056,0.0715109375833175,0.6376,0.9098,10.35,-32.07,85.42
139,0.7767679406922186,0.2973063408193468,0.45531911356544263,0.7159,1.0404,10.15,-24.3,83.31
140,0.6562690393274901,0.05424406574204432,0.0027149170643502307,0.6598,0.9509,10.6,-31.08,88.04
141,0.051657917014398924,0.9088877664715915,0.40074090542970764,0.6375,0.911,9.4,-27.44,75.6
142,0.23855282062738847,1.2741132643846094,0.028615970076630193,0.5806,0.8272,8.94,-31.98,71.11
143,0.8009638536416762,1.3916931452584205,0.3860541995521903,0.6441,0.9297,8.84,-25.4,70.12
144,0.6981207839786372,1.2569703279830746,0.02007564977353321,0.5749,0.8227,8.54,-30.73,67.17
145,0.20178211071905539,0.18738551895846461,0.25226549509649326,0.6947,0.9992,10.94,-29.01,91.78
146,0.7451881283288445,0.945017766864598,0.4255655498809675,0.6501,0.9392,8.85,-24.8,70.16
147,0.15521299244109088,1.1019316379027424,0.09652074543445205,0.5909,0.8419,9.07,-31.32,72.38
148,0.27075875131780025,1.064857045921956,0.4901023924493409,0.6593,0.947,9.3,-25.41,74.6
149,0.6115436059770696,0.08175047248694339,0.3081544849637664,0.7146,1.0365,10.83,-26.89,90.56
150,0.042350551580167095,1.3262185670502258,0.35478914255031035,0.6298,0.8992,9.37,-28.12,75.32
151,0.17312784642250323,0.1375815087362971,0.09176661444015949,0.6728,0.9651,10.99,-31.33,92.25
152,0.9800271795541925,0.6878409636877347,0.392040474170704,0.6498,0.9385,8.95,-25.28,71.2
153,0.6364083421077769,0.858619724937956,0.07256512733252485,0.5848,0.8373,8.64,-30.16,68.1
154,0.9460244535580951,0.4520139487720769,0.2890086079037711,0.6623,0.9566,9.56,-26.77,77.28
155,0.6997759445890661,0.9738497328679634,0.4702972048477592,0.6592,0.953,8.92,-24.29,70.86
156,0.148438989920058,0.762529107670413,0.20201719537038298,0.6061,0.8648,9.14,-29.89,73.0
157,0.4741687294826181,0.17882628929661692,0.06704730493638267,0.6615,0.9514,10.5,-30.71,87.06
158,0.27807554578125737,0.45705690564124696,0.213951606840675,0.6522,0.9351,9.97,-29.3,81.44
159,0.6109875470366283,0.9519436761273945,0.20590544829278512,0.6091,0.8743,8.78,-28.35,69.49
160,0.4087831094286971,0.32644279004544297,0.2941531242045041,0.6858,0.9883,10.33,-27.74,85.27
161,0.3170409113172379,0.05408975141604555,0.2092000220784302,0.7025,1.0132,11.18,-29.24,94.35
162,0.4741326750901703,0.3383893023063165,0.28622896656105784,0.6822,0.9836,10.22,-27.63,84.03
163,0.5657719004319209,1.053003271665557,0.323974241100605,0.6315,0.9083,8.92,-26.8,70.87
164,0.6524330565210316,0.47432122773606467,0.39371611099297693,0.6815,0.9854,9.68,-25.55,78.43
165,0.5491443835996794,0.6471272927698352,0.31300624047052855,0.6425,0.9244,9.2,-27.0,73.6
166,0.3606573344502543,0.7691088669101374,0.36835284424111014,0.6369,0.9141,9.09,-26.84,72.53
167,0.8864028867237077,1.3815857959427875,0.2518164625915496,0.6163,0.8868,8.71,-27.3,68.79
168,0.5202751147405691,1.1998056161457546,0.15722534587210063,0.6014,0.8617,8.82,-29.3,69.9
169,0.8373823623450686,0.7412124697761351,0.057928362167634195,0.5816,0.8333,8.55,-30.04,67.3
170,0.0720591470729437,1.2629898165591946,0.02778395845343895,0.5793,0.8236,9.07,-32.52,72.37
171,0.2806114361336559,0.5011950607523188,0.0864972225957969,0.6237,0.8917,9.7,-31.06,78.73
172,0.31389336980198923,1.1140388500876286,0.007341421780035384,0.5773,0.8228,8.86,-32.04,70.3
173,0.8271734245206864,1.2848220353618371,0.1861307865957741,0.604,0.8678,8.65,-28.24,68.24
174,0.1536128990606348,0.9012606119176213,0.05983627793244717,0.5851,0.8331,9.04,-31.82,72.06
175,0.3649193610782525,1.4376437713514587,0.49773223629181856,0.6628,0.9537,9.23,-24.97,73.9
176,0.7721048913545856,0.4664422648811493,0.34383252458304625,0.6713,0.9707,9.56,-25.86,77.25
177,0.7054063654840127,0.5817625427454747,0.3204443172930797,0.6509,0.9389,9.24,-26.45,74.01
178,0.010727644975676243,0.3135864879033622,0.2625441514836306,0.6744,0.9655,10.68,-29.51,88.97
179,0.16375130425829587,0.24886030181480046,0.41815214527511896,0.7144,1.029,10.9,-26.8,91.26
180,0.9891330026836055,0.8339541420426726,0.4195348654408567,0.6453,0.932,8.78,-24.87,69.5
181,0.9903216643262726,0.21239383285316205,0.22412280662717554,0.6809,0.9852,10.23,-27.7,84.18
182,0.3925727158419199,0.12007392546927753,0.37766508639737223,0.7258,1.0506,11.03,-26.6,92.71
183,0.433779027322593,0.703990401285602,0.07533648690662009,0.5928,0.8473,8.93,-30.72,70.96
184,0.18092665223086812,1.3606554332343226,0.02232454448713944,0.5794,0.8248,8.98,-32.25,71.5
185,0.23285228494370624,0.43808899547179253,0.2450987712007932,0.6598,0.9461,10.09,-29.01,82.75
186,0.5864451730147959,0.7399349637759999,0.04205766727844101,0.5815,0.8318,8.68,-30.72,68.5
187,0.24366745405571355,1.2653825771438116,0.31879435023922953,0.6289,0.9003,9.19,-27.94,73.57
188,0.6491490501342744,1.0053048830270324,0.38145150951976453,0.6416,0.9249,8.89,-25.73,70.55
189,0.058108481721447336,0.5499125773989186,0.26976371763083934,0.6432,0.9189,9.87,-29.25,80.44
190,0.338456483297326,1.2667183099307797,0.24128625429364697,0.6166,0.8828,9.05,-28.72,72.18
191,0.7686275894593791,1.2780232753217535,0.25239574145174903,0.6134,0.8828,8.65,-27.21,68.18
192,0.9095522438713499,0.8806859108054709,0.42513714941686087,0.6501,0.9392,8.85,-24.79,70.14
193,0.3405907955915243,0.7482254377972278,0.26570552050228885,0.6211,0.8897,9.08,-28.37,72.41
194,0.10497971589607058,0.5978287600523109,0.45866883627583804,0.6687,0.9582,9.82,-26.43,79.91
195,0.6308322403647424,0.26625987365545123,0.16942781780480248,0.6661,0.9607,10.15,-28.81,83.3
196,0.19160300966269983,0.03723469769785881,0.46373022925201335,0.7479,1.082,11.55,-26.06,98.42
197,0.4482073282568715,0.4613026086311792,0.2992385957788683,0.6685,0.9622,9.88,-27.53,80.53
198,0.0073144562930156365,0.41703315990122075,0.3515167328494463,0.6744,0.9654,10.41,-28.29,86.09
199,0.633769773069263,1.4727089213138032,0.310178854829022,0.6281,0.9039,8.85,-26.8,70.14
200,0.4775058736277328,1.1421488447760115,0.45166393598202653,0.6557,0.9445,9.1,-25.25,72.64
201,0.7206959467183516,1.4448168353240693,0.3910025853690886,0.6432,0.9283,8.84,-25.39,70.07
202,0.8668014382619265,0.17115610677545579,0.36620675149689386,0.7135,1.0366,10.46,-25.65,86.61
203,0.4400886995273686,0.8296557036169128,0.3270512047411784,0.6321,0.9077,9.03,-27.17,71.98
204,0.9698151167055694,1.476867122147437,0.14411412274395263,0.5962,0.8559,8.61,-28.83,67.88
205,0.7337534974379162,1.124975306902903,0.1732464306565244,0.6016,0.8641,8.65,-28.47,68.23
206,0.12386977486422102,0.06142044042857964,0.3886715637645893,0.7308,1.0542,11.5,-27.36,97.83
207,0.4896997418169059,1.4783102542423894,0.23248672809682652,0.6151,0.8823,8.91,-28.34,70.81
208,0.9779169790738402,0.6173640032910899,0.3968410752799863,0.6601,0.9539,9.15,-25.21,73.11
209,0.08481927231183206,0.8331925652066459,0.4010298934928621,0.6354,0.9082,9.31,-27.32,74.75
210,0.9247016672198887,1.2338746359261474,0.018485363600587112,0.5739,0.8215,8.5,-30.59,66.76
211,0.3727023413067342,0.0730477084707769,0.054641145557279,0.6729,0.9679,10.93,-31.2,91.6
212,0.6753056286674841,1.0698872944675473,0.38686034137581315,0.6426,0.9268,8.87,-25.58,70.39
213,0.8654565480556629,1.1091472027147649,0.40043579605331603,0.6451,0.9315,8.83,-25.15,69.95
214,0.048963709823279244,0.35180272566194787,0.3109488866876229,0.6784,0.9721,10.57,-28.7,87.75
215,0.8581253046248232,0.006750187409488684,0.2573146710581749,0.7106,1.0322,10.86,-27.22,90.89
216,0.6772873993643972,0.04441093369291982,0.20067777877669396,0.697,1.0096,10.78,-28.25,90.01
217,0.8956348813836968,1.007419213283788,0.11882918168029866,0.5916,0.8488,8.59,-29.19,67.66
218,0.8527811296319127,0.5220471351142715,0.4266723355720297,0.68,0.9845,9.46,-24.77,76.22
219,0.29894365111890553,0.8854803763247234,0.19847003387391704,0.609,0.8708,9.05,-29.45,72.15
220,0.274825050755067,1.3298363432578038,0.09379684096974567,0.5913,0.8437,8.98,-30.97,71.42
221,0.0848115912357631,0.5128904078184906,0.3588195738207838,0.6643,0.9511,10.04,-27.91,82.23
222,0.8074316059762817,1.4981150551001472,0.14818102850558246,0.5973,0.8575,8.62,-28.82,67.97
223,0.4079419511312822,0.20523191704443944,0.2874359648115168,0.6993,1.0093,10.69,-27.84,89.07
224,0.9975800372629172,1.0513215151809878,0.2976064202066859,0.625,0.9003,8.75,-26.64,69.16
225,0.392369092921794,1.3729481404283321,0.24845829806517472,0.6181,0.8857,9.01,-28.44,71.79
226,0.1343669133130615,0.5480676947987002,0.03358333442388345,0.6068,0.8648,9.62,-32.24,77.83
227,0.20197903768878156,0.026503171499868305,0.2266399582500817,0.7081,1.0203,11.4,-29.37,96.78
228,0.6345402649517972,0.5149386935683616,0.21019088575263856,0.6408,0.922,9.42,-28.23,75.87
229,0.9592092728445759,1.1279446823623733,0.2704283184724756,0.6198,0.8923,8.72,-27.03,68.94
230,0.28454087511182524,1.345495198159493,0.11754855844032974,0.5953,0.8498,8.99,-30.62,71.55
231,0.32534273051667706,1.3635972216344228,0.2647710276425362,0.6206,0.8888,9.08,-28.43,72.49
232,0.7423179494179767,0.8861171912456491,0.3267196045047476,0.6306,0.9089,8.77,-26.25,69.43
233,0.29938329151482557,0.3620580924399944,0.16124617358433263,0.6568,0.9422,10.22,-29.96,84.04
234,0.15544156408342247,1.3114715479362111,0.14162346662505704,0.5982,0.8529,9.11,-30.7,72.79
235,0.5614893944143846,1.187961637712061,0.3919120546878568,0.6444,0.9281,8.98,-25.83,71.44
236,0.4383862585841929,0.7143859628800885,0.4973508744675124,0.6678,0.9623,9.25,-24.72,74.1
237,0.6745974769790241,1.221957664676824,0.45127698460961596,0.6552,0.9464,8.92,-24.65,70.87
238,0.7875898362293392,0.2777690174303514,0.2810853668687861,0.6822,0.9874,10.05,-26.92,82.31
239,0.10189415731454488,0.9793831898459976,0.4776747140939055,0.6519,0.9333,9.41,-26.17,75.79
240,0.5127320643001113,0.6494587393016508,0.01792137570908159,0.5895,0.8428,8.96,-31.27,71.27
241,0.9597745223292203,0.15450402619523818,0.020539546652423468,0.6495,0.9358,10.22,-30.57,84.06
242,0.24606661150493847,0.09829565087757364,0.22755892120588117,0.7008,1.0094,11.14,-29.21,93.94
243,0.5160878012571124,0.4688549235428759,0.02548024128744303,0.6167,0.8833,9.54,-31.15,77.02
244,0.1116003682492267,0.5767565669848922,0.030264225413268064,0.6018,0.8571,9.53,-32.36,77.0
245,0.6981897256099134,0.31053081228721796,0.15103578439181925,0.6557,0.9453,9.93,-28.89,81.01
246,0.3941257771780975,0.6249144496037218,0.0008303538374002661,0.5911,0.8438,9.12,-31.87,72.87
247,0.11207037099869754,1.294146845611317,0.000616531255954067,0.5755,0.8183,9.02,-32.76,71.82
248,0.5081673558128751,0.7342530097608122,0.1665470805053189,0.6049,0.8667,8.88,-29.21,70.44
249,0.43132702014644964,1.1708717062898764,0.4206018531074782,0.6496,0.9344,9.12,-25.85,72.82
250,0.26034854341525004,0.48373566145159475,0.12124142651416636,0.632,0.9041,9.81,-30.64,79.83
251,0.47986340055106513,1.0248875364882193,0.11412643773171027,0.5943,0.8503,8.82,-30.04,69.88
252,0.33073574205486667,1.3955769263837257,0.024284644923479037,0.58,0.8271,8.86,-31.75,70.32
253,0.4607696052395662,1.0673370623951668,0.07522700577873703,0.5878,0.8402,8.8,-30.64,69.69
254,0.047374020005481854,0.20730805745779612,0.45941159676534143,0.7223,1.0393,11.14,-26.62,93.95
255,0.009259781821123414,0.28248296221702773,0.015641756450822275,0.639,0.9116,10.57,-32.89,87.78
256,0.11062946756220327,0.9302239299424444,0.12081945436954289,0.5943,0.8465,9.13,-31.13,72.94
257,0.5692120504306768,0.8852930741491892,0.4247176665448895,0.6506,0.9379,9.0,-25.33,71.61
258,0.004741392911873921,1.2800541890135502,0.309559543213487,0.6215,0.8862,9.36,-28.88,75.23
259,0.1627434861049576,1.159406082202926,0.42774577089529286,0.6455,0.9245,9.33,-26.67,74.99
260,0.2542634837541573,1.3781905213540213,0.2272287151493289,0.6135,0.8771,9.11,-29.19,72.76
261,0.6034244543333215,1.4769743004264655,0.18076803931959967,0.6046,0.8674,8.77,-28.73,69.35
262,0.8131593458201128,0.47759867674268947,0.3996067611207455,0.6812,0.9862,9.58,-25.21,77.44
263,0.6007339188626425,0.32453354283810215,0.2070130468946182,0.6666,0.9611,10.04,-28.37,82.19
264,0.3176356343635617,0.11716258962054582,0.014917385049848741,0.6615,0.9495,10.82,-31.92,90.42
265,0.3464786554071809,0.02855122172622987,0.08274387879088752,0.6829,0.9831,11.11,-30.9,93.63
266,0.7251833208508688,1.062136853525382,0.36929019322869133,0.6389,0.9217,8.82,-25.69,69.87
267,0.31715317112997876,1.3350291856765433,0.2969152740142238,0.6262,0.8971,9.12,-28.0,72.82
268,0.12602634174662652,0.2155779921833012,0.34654771346485075,0.7053,1.0143,10.98,-27.94,92.2
269,0.17294393644207806,0.760939052373065,0.49588723796435535,0.656,0.9406,9.35,-25.66,75.09
270,0.004007604733339498,0.024869702846335384,0.49654229096525326,0.7489,1.0804,11.79,-26.25,101.1
271,0.5846388341341655,0.1903649632777697,0.4486510998770468,0.73,1.0602,10.65,-24.94,88.57
272,0.8803803001276922,0.8043006196670628,0.3108960149303783,0.6257,0.9015,8.72,-26.45,68.93
273,0.27318719150087634,0.07577954455800773,0.2972838044454322,0.7157,1.033,11.23,-28.14,94.94
274,0.294755193202763,0.9954315699905278,0.4181225884213006,0.6471,0.9287,9.23,-26.36,73.91
275,0.018160543914364058,0.893570662028591,0.11564026984342612,0.5918,0.8418,9.19,-31.5,73.54
276,0.8738884979038014,0.3804967598427427,0.30538506661770914,0.6753,0.9767,9.79,-26.53,79.63
277,0.5535408400896115,0.5942497500888734,0.33881038179989703,0.6552,0.9437,9.37,-26.62,75.39
278,0.7257696347154339,0.8504066929790802,0.37921111859237705,0.6366,0.9183,8.75,-25.54,69.24
279,0.9834170759929376,0.6289085818512077,0.25729152594276544,0.6312,0.9091,9.0,-27.22,71.69
280,0.012469877941213237,1.1940428344655676,0.2601150335229969,0.6139,0.875,9.31,-29.54,74.79
281,0.4079614303605652,0.1411079446340937,0.44482821083769863,0.736,1.0667,11.0,-25.59,92.35
282,0.39500724004055643,1.0238723973138306,0.07468707818407538,0.5881,0.84,8.86,-30.85,70.25
283,0.9615496295410325,0.26766264273274637,0.09977099644974519,0.6503,0.9373,9.95,-29.46,81.3
284,0.8589828605577138,1.3688741162128968,0.1060737037616507,0.5893,0.8453,8.58,-29.37,67.55
285,0.4698008881748279,1.1002423568442448,0.4391828669054008,0.6533,0.9407,9.1,-25.46,72.62
286,0.3790526950373052,0.7755292302741439,0.37085820525986746,0.6392,0.918,9.11,-26.75,72.74
287,0.7311359766527954,1.1744401950391272,0.2849669093207632,0.6226,0.8964,8.75,-26.89,69.17
288,0.10461509680477521,1.35595993631706,0.4327862696605141,0.6446,0.9222,9.38,-26.8,75.45
289,0.798097435818333,0.14979371574109424,0.1021986835407146,0.6649,0.9599,10.31,-29.46,84.96
290,0.7436003651076519,0.03471014187291965,0.4896123168536398,0.7535,1.1005,10.96,-23.87,91.9
291,0.3771446803556807,1.0789688005362355,0.44378554424402167,0.6532,0.9391,9.18,-25.71,73.43
292,0.39462988815008226,0.47869873289949905,0.30437056444912336,0.6665,0.9585,9.87,-27.64,80.46
293,0.5809893737480507,0.6137099664371957,0.3008873779338542,0.6448,0.9281,9.26,-27.08,74.21
294,0.9353813695664948,0.7014603849398947,0.09837109037531566,0.5925,0.8498,8.67,-29.48,68.44
295,0.3772059828830039,0.5911604738896779,0.06555434651310993,0.6069,0.8675,9.3,-31.04,74.69
296,0.1628715005545549,1.0268431100905158,0.16973887710445135,0.6028,0.8599,9.13,-30.29,72.98
297,0.9548983918558076,0.36539511803791114,0.04946225255241116,0.6285,0.9036,9.61,-30.16,77.79
298,0.7535045630002579,1.3215540778768051,0.13905667843574393,0.5952,0.8544,8.61,-28.89,67.81
299,0.20208810164547797,0.27864920230663076,0.26100615068325617,0.6844,0.9833,10.66,-28.89,88.7
