trial,s_trending,s_volatile,s_crash,sharpe,cagr,max_dd,cum_ret,kills
0,1.2739560485559633,0.5266541277024628,0.42929895995569123,0.5983,8.85,-26.05,70.18,0
1,1.1973680290593638,0.11301281746517944,0.48781117581837796,0.5189,7.01,-23.25,52.91,0
2,1.261139701990353,0.9432771663323445,0.06405681633777294,0.6077,9.09,-32.13,72.54,0
3,0.9503859378955671,0.44495762907909747,0.4633824944243009,0.6161,7.54,-20.54,57.78,0
4,1.1438651200806644,0.987313935924996,0.22170709941366556,0.6526,9.53,-30.23,77.0,0
5,0.7272387217847769,0.6655017444190018,0.03190862805208766,0.6258,5.99,-21.16,44.0,0
6,1.3276311719925822,0.7579972789464778,0.3790438700426869,0.6248,9.8,-29.64,79.7,0
7,0.8545259681298684,1.1648376292738838,0.44656056066109884,0.7057,10.03,-27.02,82.08,0
8,1.278383497073762,0.23356644942236107,0.2333605018635171,0.5147,6.88,-24.07,51.77,0
9,0.5438037657872288,0.18514739048105738,0.3415244766212273,0.5858,4.46,-13.98,31.47,0
10,1.244762155907817,1.161011678921052,0.16291267906907597,0.6476,10.29,-33.8,84.84,0
11,0.8704597060348689,0.5634669735309695,0.09473567954214285,0.6072,6.37,-21.87,47.28,0
12,0.6299215053354716,0.5708459114711205,0.11345467452544206,0.6545,5.56,-18.0,40.4,0
13,1.1698139946825103,0.5245823026467968,0.4163390980289187,0.6075,8.47,-24.48,66.45,0
14,1.2002651020022492,0.3748399696584493,0.41612990069760053,0.5751,7.92,-23.26,61.3,0
15,1.304764357496802,0.46497405483620935,0.14416405196512205,0.5468,7.6,-27.21,58.33,0
16,1.1824955039749754,0.16770298033117176,0.09995410123755416,0.4775,5.77,-23.1,42.13,0
17,0.5073622697510055,0.9443092530025661,0.33242542829601607,0.7107,7.39,-19.57,56.32,0
18,1.2051653786263352,0.9368748372263614,0.22945788776916998,0.6423,9.57,-30.51,77.33,0
19,1.0687411959528936,0.16775639775318893,0.05726503676798672,0.4732,5.23,-21.16,37.62,0
20,1.1684029617904717,0.565315447371759,0.2826180532405944,0.6024,8.14,-25.58,63.37,0
21,1.2649988574160256,0.761661984000709,0.2767897003289979,0.6213,9.24,-29.24,74.02,0
22,1.0592071607454137,0.36474011767513465,0.015408917283969703,0.516,5.87,-22.94,42.96,0
23,0.9367173892323624,0.257501607383435,0.20426432186231808,0.5483,5.75,-18.76,42.01,0
24,1.3534030732681661,0.2807273830384089,0.02915137084453301,0.479,6.48,-26.74,48.26,0
25,0.7813838920219965,0.35231250932002034,0.33095825736344753,0.6115,6.07,-16.62,44.68,0
26,1.0570321523412782,0.9406778509276962,0.33215677016369377,0.6705,9.48,-27.93,76.47,0
27,0.9063868614400705,0.9768244615992415,0.08348645995385195,0.6504,8.1,-27.31,62.99,0
28,0.5227120731338605,0.1080574329307701,0.36117967529822514,0.5517,4.11,-14.26,28.73,0
29,0.9618772302513874,0.19352613484032213,0.25052238755168177,0.5345,5.74,-18.28,41.89,0
30,0.6523121027131684,0.8355844500932832,0.22307813778701535,0.6959,7.14,-21.06,54.14,0
31,0.8810212260964825,0.3618145069774518,0.31514129655944423,0.5994,6.42,-18.47,47.71,0
32,0.8618126105533904,0.1051799031793212,0.05900295106025766,0.4664,4.25,-17.33,29.8,0
33,1.4618976645495145,1.0902968288491284,0.3498535669053748,0.6459,11.42,-35.21,96.94,0
34,0.7658699614595196,1.1630116528172687,0.3893754519828973,0.7084,9.48,-25.96,76.44,0
35,1.2168901891589956,0.5392338025725464,0.1361207809225795,0.5681,7.61,-26.73,58.42,0
36,0.5963909621534993,1.08312287585261,0.22788814491680554,0.7018,7.89,-23.23,61.01,0
37,0.7023633647952303,0.367147948980783,0.289609784470948,0.6253,5.68,-15.7,41.39,0
38,0.6767727829392317,1.0279371409108506,0.37925976491760505,0.7091,8.58,-23.02,67.5,0
39,1.2194629559509367,0.5185116477301245,0.3136544203512216,0.592,8.23,-25.68,64.16,0
40,1.0840979689127357,0.779815921865784,0.042222160569944545,0.6004,7.77,-27.88,59.91,0
41,0.9158074021706096,0.049937008634270974,0.24699540962225947,0.49,4.93,-17.56,35.25,0
42,0.8298612123327853,0.17342902663925627,0.05170148386127582,0.4921,4.4,-16.88,30.99,0
43,1.087644572177712,0.20471156224426332,0.4625600591883986,0.5475,6.97,-21.73,52.61,0
44,1.0810611397003949,0.41624376544180447,0.2954577457407084,0.5849,7.28,-22.45,55.32,0
45,0.5228038710296975,1.1502710558897344,0.24115171847145012,0.7003,7.89,-22.88,60.98,0
46,1.2827352272502863,0.09927599990692627,0.24332916541908017,0.4826,6.34,-24.46,47.0,0
47,0.9907069943545209,1.1253917459699794,0.2858640261880377,0.6854,9.79,-29.29,79.61,0
48,0.9734894010569538,0.32037079571027227,0.1657844986712761,0.5536,6.0,-20.28,44.11,0
49,1.0206724024715377,0.526693752366056,0.010806039940165213,0.5556,6.39,-24.21,47.5,0
50,1.3262919241943578,1.07539292620772,0.07012454449930539,0.6165,9.83,-34.41,80.02,0
51,1.0540361435390495,0.13029088936253225,0.33612004651990585,0.5192,6.09,-19.53,44.88,0
52,0.7812337838390083,0.7913071616302821,0.3634973071434413,0.6883,8.0,-21.82,62.01,0
53,1.268647491917657,0.12928913514707588,0.45800592256880396,0.5172,7.2,-23.22,54.66,0
54,0.7302139908948808,0.04489506741141573,0.2774262346957417,0.5064,4.35,-14.19,30.58,0
55,0.8709222838624388,0.9957476917588958,0.4041257360321509,0.6964,9.29,-25.45,74.56,0
56,0.8171388928227153,1.1434792740836939,0.1454589190700593,0.6788,8.66,-27.65,68.35,0
57,1.0150571292317145,0.3071581086811233,0.46802178502448166,0.5789,7.2,-21.21,54.59,0
58,0.6646078175820181,0.05389274327079478,0.21754853000151897,0.5069,3.91,-12.66,27.22,0
59,1.4923755640558372,1.0700127195058966,0.3743040097284746,0.6436,11.51,-35.31,98.04,0
60,1.3907924908785247,1.0721359676374358,0.25942918019322453,0.6409,10.79,-34.44,90.11,0
61,0.815929051830793,0.9264149185331856,0.33083063158388054,0.6941,8.55,-24.15,67.23,0
62,0.8736577288737101,0.11336000167381832,0.373394805674513,0.5308,5.52,-17.77,40.08,0
63,0.7624605159228647,1.124175780640535,0.12048528750284238,0.6766,8.28,-26.74,64.65,0
64,0.622757932411486,0.9973352065498873,0.07664215831224702,0.6714,7.06,-23.35,53.41,0
65,0.6792683081577391,0.7192593498250122,0.43728102041873224,0.6882,7.57,-18.92,58.04,0
66,0.6964346657145732,0.3723884074801137,0.3887024191205888,0.6277,6.03,-16.52,44.39,0
67,1.4718264260609675,0.6008894234428107,0.07194875127562539,0.5428,8.36,-31.46,65.43,0
68,0.5139362877082015,0.2755872359986263,0.06591110889326052,0.5917,3.68,-12.61,25.42,0
69,1.1776586736128576,0.14619900555423734,0.2531649658103165,0.503,6.26,-22.29,46.32,0
70,1.1942624356428864,0.6973399310650829,0.09988782583002881,0.5899,8.05,-28.32,62.44,0
71,1.3041245261822627,0.858488555538962,0.3694920019577709,0.639,10.1,-30.44,82.81,0
72,0.6310577515573133,0.1485045643804135,0.4637812755032538,0.5563,5.07,-17.7,36.35,0
73,0.8975781938249406,0.3611384301371277,0.24429202267576666,0.5888,6.21,-19.11,45.91,0
74,1.1628642127635824,1.1467479084563639,0.1432231134410275,0.6505,9.89,-32.61,80.67,0
75,1.4248084293120271,0.02983138966350758,0.27759902116341234,0.4645,6.57,-27.12,49.01,0
76,1.1339751116810852,0.12707688450090396,0.07016979853195632,0.4611,5.31,-22.46,38.34,0
77,0.9191143193163038,1.159478294571818,0.2980212766171864,0.6938,9.71,-28.59,78.76,0
78,1.4330232216002112,0.9652330987355648,0.23369080077764576,0.623,10.39,-34.01,85.88,0
79,1.2847634492521873,0.021404140772385283,0.05457199838286747,0.4222,5.25,-25.67,37.79,0
80,1.3294286148827363,0.956180505990194,0.11632037098321685,0.6131,9.57,-32.99,77.38,0
81,1.0307695905990535,0.7272189848400131,0.4338694768880056,0.6554,8.9,-24.58,70.69,0
82,1.1031071573387257,0.4950858831284164,0.18709202170359135,0.5823,7.27,-24.24,55.23,0
83,0.9258820863735099,0.782317230695969,0.43374531587616244,0.6733,8.75,-23.61,69.22,0
84,0.9538968820762997,0.2974074755416297,0.11833118149879057,0.5384,5.65,-19.94,41.1,0
85,1.2460142802434464,0.9798825161086924,0.05263903992706248,0.6106,9.14,-32.36,73.01,0
86,0.5665588569551782,0.7133203965077421,0.07308662209634914,0.6667,5.72,-18.98,41.69,0
87,1.3246641904563412,0.37240160870888933,0.07193596648557132,0.511,6.97,-26.93,52.6,0
88,1.4209704724874501,0.1986380672823338,0.14236004116896778,0.4812,6.79,-27.2,50.93,0
89,0.6536133951920586,0.13858807639842596,0.010574008168220017,0.4787,3.42,-13.66,23.47,0
90,0.5553954091642601,0.20956976512302322,0.026690966313587694,0.5349,3.41,-12.71,23.36,0
91,1.0911438161109712,0.8168574321594076,0.19681522841601412,0.6369,8.58,-27.67,67.59,0
92,0.8179910969520494,0.605431484426676,0.4375024711173043,0.6602,7.64,-19.76,58.7,0
93,1.351131626822206,0.05217007441535033,0.09074920479826204,0.4376,5.73,-26.61,41.79,0
94,0.736744871104396,0.29926509099865417,0.28561632587138636,0.6003,5.51,-15.46,39.95,0
95,0.9162624257031923,0.05910494391311278,0.1868070692297858,0.4812,4.75,-17.87,33.74,0
96,1.0237529487176373,0.12200628348445916,0.41672927689427985,0.5264,6.24,-20.13,46.13,0
97,0.5519618664651043,1.1098102428216745,0.04955657078993775,0.6627,7.09,-23.79,53.6,0
98,1.3435749515977529,1.0831837727131404,0.48978534029329635,0.6656,11.54,-32.91,98.35,0
99,1.3020258802735936,0.9353730489255947,0.32124163799777383,0.6433,10.22,-31.46,84.08,0
100,1.2789963545781289,0.16146265009577648,0.26803401797381865,0.5026,6.7,-24.08,50.14,0
101,1.0142228701904146,1.029086572947069,0.23139968279675793,0.6708,9.29,-28.78,74.56,0
102,0.8850894961003535,0.7674759254845321,0.13323165875042303,0.6452,7.41,-24.31,56.52,0
103,0.6397684109539569,0.573452728828495,0.2084446842974425,0.6721,5.99,-17.68,43.98,0
104,0.7325699405288737,0.4410141721381536,0.1831962249131237,0.6258,5.7,-17.7,41.58,0
105,0.8274955644125455,0.45535689567231474,0.3428716727279727,0.6305,6.72,-18.58,50.35,0
106,0.7968764745712853,1.1386295120584085,0.45817400976908895,0.7074,9.75,-25.79,79.2,0
107,0.9809104283000786,0.39403344600562656,0.26771739491500157,0.5888,6.73,-20.73,50.48,0
108,1.3485604887736247,0.7831048086721224,0.4021959139735387,0.6279,10.05,-30.11,82.28,0
109,1.0327222760657402,0.7595011551211449,0.14407780709123086,0.6272,7.94,-26.4,61.48,0
110,1.2348931623102908,0.242885511750862,0.3473990644092491,0.5362,7.21,-22.88,54.76,0
111,1.360719068325894,0.1585234047618527,0.3071898702709599,0.5026,7.07,-25.41,53.49,0
112,0.5950957482299346,0.8708587539257122,0.042246609411760117,0.6602,6.32,-21.54,46.86,0
113,1.4359398227006261,0.1648895160453626,0.4794401229545402,0.5183,7.93,-25.95,61.32,0
114,1.3008841760850967,0.7124184053596249,0.39131205231477345,0.6223,9.57,-28.69,77.41,0
115,1.295114838983086,1.1352324753807963,0.1266916769195936,0.635,10.2,-34.37,83.89,0
116,1.0900758953583092,0.11405903707728146,0.30808285001206065,0.5083,6.04,-20.43,44.42,0
117,0.6712913040927888,0.6779407337669302,0.28621525701692485,0.6872,6.83,-19.08,51.33,0
118,0.9659851529812273,0.6271581306157473,0.38196169500329397,0.6462,8.08,-22.66,62.77,0
119,1.2992447165120666,0.5905838586905149,0.29979672076130615,0.5945,8.73,-27.76,68.96,0
120,1.4312362356901018,0.14368030620134736,0.05855178295005525,0.4507,6.23,-27.94,46.06,0
121,0.5877090119107684,0.7894359420486333,0.20930415039518974,0.6986,6.65,-19.54,49.72,0
122,1.2743214161418432,0.805477695970311,0.16681887916411908,0.6097,9.01,-30.36,71.76,0
123,1.3983665473615359,0.9150385764847827,0.13526747045508786,0.6054,9.69,-33.43,78.62,0
124,0.864192017772054,0.37732797624511544,0.07880582431249983,0.5613,5.51,-19.64,39.94,0
125,0.6477833725421916,1.1233529560508928,0.21895201859937663,0.699,8.22,-24.55,64.08,0
126,0.8833198227774098,0.8756228504128535,0.27649653262644996,0.679,8.4,-24.84,65.77,0
127,1.4361399868384623,0.9363617926912706,0.23968478206227017,0.6204,10.31,-33.72,85.01,0
128,0.8763594734808262,1.1839578539091864,0.35888011800182174,0.7021,9.87,-27.97,80.42,0
129,1.451194660003841,0.14217429266044962,0.4252668395953913,0.5077,7.68,-26.56,59.04,0
130,1.1370738839912076,0.14630601400213508,0.29412899998461034,0.5122,6.28,-21.3,46.53,0
131,1.1860963651054488,0.014763223066323404,0.22715898092087328,0.4608,5.6,-23.0,40.73,0
132,1.3253995111963213,0.35443083041290785,0.22927404089927556,0.5375,7.53,-26.01,57.66,0
133,0.9423141270678932,0.3623128697309899,0.4592209477577771,0.5985,7.15,-20.37,54.18,0
134,1.2812940354315159,0.13270609319533258,0.49851732891878653,0.5203,7.39,-24.22,56.38,0
135,1.3792000243077451,0.34069012543684674,0.4184482898304691,0.5534,8.33,-25.83,65.14,0
136,0.6064195318713829,1.1989256765690863,0.33284236805326844,0.7083,8.77,-24.29,69.36,0
137,1.150125015558797,0.10852887238095929,0.44851669944831263,0.5175,6.7,-21.97,50.21,0
138,0.5289995032044694,0.28899366964937645,0.0715109375833175,0.5952,3.82,-13.0,26.49,0
139,1.2767679406922186,0.23784507265547744,0.45531911356544263,0.5419,7.7,-23.23,59.22,0
140,1.1562690393274901,0.043395252593635456,0.0027149170643502307,0.4164,4.73,-23.49,33.63,0
141,0.5516579170143989,0.7271102131772732,0.40074090542970764,0.6991,6.96,-17.14,52.48,0
142,0.7385528206273885,1.0192906115076874,0.028615970076630193,0.6515,7.4,-25.59,56.48,0
143,1.3009638536416763,1.1133545162067364,0.3860541995521903,0.6655,11.16,-33.09,94.1,0
144,1.1981207839786372,1.0055762623864597,0.02007564977353321,0.6101,8.94,-32.11,71.09,0
145,0.7017821107190554,0.1499084151667717,0.25226549509649326,0.5499,4.61,-13.32,32.62,0
146,1.2451881283288446,0.7560142134916784,0.4255655498809675,0.6363,9.7,-28.19,78.71,0
147,0.6552129924410909,0.8815453103221939,0.09652074543445205,0.6726,6.83,-22.33,51.33,0
148,0.7707587513178003,0.8518856367375647,0.4901023924493409,0.6919,8.64,-21.75,68.16,0
149,1.1115436059770696,0.06540037798955471,0.3081544849637664,0.4927,5.89,-21.0,43.18,0
150,0.5423505515801671,1.0609748536401806,0.35478914255031035,0.7102,8.06,-21.48,62.6,0
151,0.6731278464225032,0.11006520698903767,0.09176661444015949,0.4982,3.7,-13.35,25.6,0
152,1.4800271795541926,0.5502727709501878,0.392040474170704,0.5807,9.42,-29.58,75.89,0
153,1.1364083421077769,0.6868957799503648,0.07256512733252485,0.5884,7.7,-27.47,59.23,0
154,1.446024453558095,0.3616111590176615,0.2890086079037711,0.538,8.14,-27.71,63.34,0
155,1.1997759445890661,0.7790797862943707,0.4702972048477592,0.6461,9.81,-27.56,79.78,0
156,0.648438989920058,0.6100232861363305,0.20201719537038298,0.6748,6.14,-18.31,45.34,0
157,0.9741687294826181,0.14306103143729354,0.06704730493638267,0.4746,4.84,-19.36,34.49,0
158,0.7780755457812574,0.36564552451299753,0.213951606840675,0.604,5.68,-17.36,41.36,0
159,1.1109875470366282,0.7615549409019156,0.20590544829278512,0.629,8.46,-27.29,66.43,0
160,0.9087831094286971,0.26115423203635435,0.2941531242045041,0.5665,6.01,-17.83,44.18,0
161,0.8170409113172379,0.04327180113283644,0.2092000220784302,0.4872,4.41,-15.83,31.05,0
162,0.9741326750901703,0.2707114418450532,0.28622896656105784,0.5606,6.25,-19.09,46.25,0
163,1.0657719004319208,0.8424026173324456,0.323974241100605,0.659,9.09,-26.97,72.55,0
164,1.1524330565210317,0.3794569821888517,0.39371611099297693,0.5789,7.71,-22.66,59.31,0
165,1.0491443835996794,0.5177018342158681,0.31300624047052855,0.6116,7.66,-23.03,58.86,0
166,0.8606573344502543,0.6152870935281098,0.36835284424111014,0.6568,7.6,-20.92,58.3,0
167,1.3864028867237077,1.10526863675423,0.2518164625915496,0.6432,10.88,-34.76,91.03,0
168,1.020275114740569,0.9598444929166037,0.15722534587210063,0.6529,8.75,-28.43,69.17,0
169,1.3373823623450685,0.592969975820908,0.057928362167634195,0.5495,7.88,-29.49,60.9,0
170,0.5720591470729437,1.0103918532473557,0.02778395845343895,0.6574,6.7,-22.98,50.19,0
171,0.7806114361336559,0.40095604860185496,0.0864972225957969,0.583,5.33,-18.52,38.48,0
172,0.8138933698019892,0.8912310800701028,0.007341421780035384,0.6314,7.11,-25.31,53.78,0
173,1.3271734245206863,1.0278576282894698,0.1861307865957741,0.6325,10.13,-33.41,83.16,0
174,0.6536128990606348,0.721008489534097,0.05983627793244717,0.6519,6.04,-20.53,44.44,0
175,0.8649193610782525,1.150115017081167,0.49773223629181856,0.7046,10.19,-26.75,83.75,0
176,1.2721048913545856,0.3731538119049194,0.34383252458304625,0.5616,7.88,-24.77,60.91,0
177,1.2054063654840128,0.46541003419637966,0.3204443172930797,0.5842,7.98,-24.83,61.85,0
178,0.5107276449756762,0.25086919032268973,0.2625441514836306,0.6205,4.32,-11.75,30.38,0
179,0.6637513042582959,0.19908824145184037,0.41815214527511896,0.5766,5.27,-16.92,37.95,0
180,1.4891330026836056,0.667163313634138,0.4195348654408567,0.6002,10.04,-30.84,82.19,0
181,1.4903216643262724,0.16991506628252964,0.22412280662717554,0.4857,7.17,-28.14,54.4,0
182,0.8925727158419199,0.09605914037542203,0.37766508639737223,0.524,5.53,-18.05,40.13,0
183,0.933779027322593,0.5631923210284815,0.07533648690662009,0.5927,6.52,-22.96,48.55,0
184,0.6809266522308681,1.088524346587458,0.02232454448713944,0.6538,7.41,-25.6,56.57,0
185,0.7328522849437062,0.350471196377434,0.2450987712007932,0.612,5.56,-16.25,40.39,0
186,1.086445173014796,0.5919479710207999,0.04205766727844101,0.5701,7.02,-25.8,53.01,0
187,0.7436674540557136,1.0123060617150494,0.31879435023922953,0.7033,8.56,-24.15,67.34,0
188,1.1491490501342745,0.8042439064216259,0.38145150951976453,0.6498,9.43,-27.51,75.94,0
189,0.5581084817214473,0.43993006191913486,0.26976371763083934,0.6669,5.34,-14.3,38.56,0
190,0.838456483297326,1.0133746479446237,0.24128625429364697,0.6884,8.63,-25.97,68.04,0
191,1.268627589459379,1.0224186202574028,0.25239574145174903,0.6472,10.2,-32.24,83.8,0
192,1.40955224387135,0.7045487286443767,0.42513714941686087,0.6132,9.99,-30.05,81.65,0
193,0.8405907955915243,0.5985803502377822,0.26570552050228885,0.6502,7.08,-20.93,53.54,0
194,0.6049797158960706,0.47826300804184874,0.45866883627583804,0.6538,6.36,-17.35,47.18,0
195,1.1308322403647424,0.21300789892436098,0.16942781780480248,0.5091,6.08,-21.76,44.77,0
196,0.6916030096626998,0.029787758158287048,0.46373022925201335,0.5096,4.78,-18.24,34.03,0
197,0.9482073282568715,0.3690420869049434,0.2992385957788683,0.5908,6.63,-19.74,49.57,0
198,0.5073144562930156,0.3336265279209766,0.3515167328494463,0.6407,4.98,-13.88,35.64,0
199,1.1337697730692629,1.1781671370510425,0.310178854829022,0.6782,10.58,-31.8,87.86,0
200,0.9775058736277328,0.9137190758208091,0.45166393598202653,0.6819,9.53,-25.86,76.92,0
201,1.2206959467183516,1.1558534682592554,0.3910025853690886,0.6761,11.08,-32.41,93.3,0
202,1.3668014382619265,0.13692488542036463,0.36620675149689386,0.5046,7.21,-25.3,54.72,0
203,0.9400886995273686,0.6637245628935302,0.3270512047411784,0.6518,7.94,-22.96,61.43,0
204,1.4698151167055693,1.1814936977179495,0.14411412274395263,0.6269,10.97,-37.12,92.09,0
205,1.2337534974379163,0.8999802455223224,0.1732464306565244,0.6266,9.29,-30.77,74.51,0
206,0.623869774864221,0.04913635234286371,0.3886715637645893,0.5203,4.35,-15.85,30.61,0
207,0.9896997418169059,1.1826482033939114,0.23248672809682652,0.6815,9.8,-30.17,79.66,0
208,1.4779169790738402,0.49389120263287184,0.3968410752799863,0.5719,9.2,-28.94,73.6,0
209,0.5848192723118321,0.6665540521653167,0.4010298934928621,0.6917,6.85,-16.91,51.53,0
210,1.4247016672198887,0.9870997087409179,0.018485363600587112,0.5888,9.56,-35.05,77.21,0
211,0.8727023413067342,0.058438166776621524,0.054641145557279,0.4461,4.06,-17.73,28.37,0
212,1.1753056286674841,0.8559098355740378,0.38686034137581315,0.6535,9.74,-28.45,79.13,0
213,1.3654565480556629,0.8873177621718118,0.40043579605331603,0.6388,10.52,-31.49,87.18,0
214,0.5489637098232792,0.2814421805295583,0.3109488866876229,0.6234,4.79,-13.29,34.06,0
215,1.3581253046248232,0.005400149927590947,0.2573146710581749,0.4574,6.19,-26.08,45.74,0
216,1.1772873993643973,0.03552874695433585,0.20067777877669396,0.4622,5.56,-22.9,40.43,0
217,1.395634881383697,0.8059353706270305,0.11882918168029866,0.5891,9.18,-32.31,73.44,0
218,1.3527811296319125,0.41763770809141715,0.4266723355720297,0.5712,8.61,-26.1,67.88,0
219,0.7989436511189055,0.7083843010597788,0.19847003387391704,0.663,7.11,-21.94,53.84,0
220,0.774825050755067,1.063869074606243,0.09379684096974567,0.6684,7.99,-26.34,61.9,0
221,0.5848115912357631,0.4103123262547924,0.3588195738207838,0.6521,5.65,-14.78,41.12,0
222,1.3074316059762818,1.1984920440801177,0.14818102850558246,0.6425,10.57,-35.12,87.78,0
223,0.9079419511312822,0.16418553363555155,0.2874359648115168,0.5361,5.56,-16.84,40.39,0
224,1.4975800372629173,0.8410572121447902,0.2976064202066859,0.6107,10.33,-33.33,85.2,0
225,0.892369092921794,1.0983585123426658,0.24845829806517472,0.6882,9.19,-27.73,73.49,0
226,0.6343669133130615,0.43845415583896014,0.03358333442388345,0.6,4.71,-16.87,33.43,0
227,0.7019790376887816,0.021202537199894643,0.2266399582500817,0.4898,3.95,-13.49,27.47,0
228,1.1345402649517973,0.4119509548546893,0.21019088575263856,0.5653,7.11,-23.67,53.81,0
229,1.4592092728445758,0.9023557458898985,0.2704283184724756,0.6183,10.36,-33.55,85.55,0
230,0.7845408751118252,1.0763961585275943,0.11754855844032974,0.6736,8.17,-26.52,63.63,0
231,0.8253427305166771,1.0908777773075382,0.2647710276425362,0.6951,8.97,-26.58,71.35,0
232,1.2423179494179766,0.7088937529965194,0.3267196045047476,0.6221,9.14,-28.09,73.05,0
233,0.7993832915148256,0.2896464739519955,0.16124617358433263,0.5682,5.23,-17.08,37.64,0
234,0.6554415640834225,1.0491772383489688,0.14162346662505704,0.686,7.66,-24.15,58.85,0
235,1.0614893944143846,0.9503693101696489,0.3919120546878568,0.6751,9.75,-27.82,79.25,0
236,0.9383862585841929,0.5715087703040708,0.4973508744675124,0.6411,8.15,-21.2,63.43,0
237,1.1745974769790242,0.9775661317414592,0.45127698460961596,0.6695,10.46,-29.51,86.54,0
238,1.2875898362293392,0.2222152139442811,0.2810853668687861,0.5187,7.04,-24.0,53.19,0
239,0.6018941573145449,0.7835065518767981,0.4776747140939055,0.6942,7.66,-18.27,58.82,0
240,1.0127320643001112,0.5195669914413206,0.01792137570908159,0.5572,6.37,-23.97,47.27,0
241,1.4597745223292202,0.12360322095619053,0.020539546652423468,0.4367,6.06,-28.69,44.6,0
242,0.7460666115049385,0.07863652070205891,0.22755892120588117,0.5117,4.37,-14.17,30.76,0
243,1.0160878012571124,0.3750839388343007,0.02548024128744303,0.5258,5.81,-22.33,42.46,0
244,0.6116003682492267,0.4614052535879137,0.030264225413268064,0.6083,4.7,-16.8,33.36,0
245,1.1981897256099134,0.24842464982977436,0.15103578439181925,0.5091,6.37,-23.32,47.32,0
246,0.8941257771780975,0.4999315596829774,0.0008303538374002661,0.5614,5.8,-21.98,42.4,0
247,0.6120703709986975,1.0353174764890536,0.000616531255954067,0.6475,6.84,-24.03,51.43,0
248,1.008167355812875,0.5874024078086497,0.1665470805053189,0.6083,7.25,-23.93,55.06,0
249,0.9313270201464496,0.9366973650319012,0.4206018531074782,0.6875,9.34,-25.59,75.06,0
250,0.76034854341525,0.3869885291612758,0.12124142651416636,0.593,5.34,-17.83,38.53,0
251,0.9798634005510651,0.8199100291905755,0.11412643773171027,0.6349,7.88,-26.44,60.87,0
252,0.8307357420548667,1.1164615411069805,0.024284644923479037,0.6483,8.1,-28.11,62.99,0
253,0.9607696052395662,0.8538696499161333,0.07522700577873703,0.6317,7.78,-26.74,59.99,0
254,0.5473740200054819,0.1658464459662369,0.45941159676534143,0.5642,4.8,-16.85,34.14,0
255,0.5092597818211234,0.2259863697736222,0.015641756450822275,0.5458,3.24,-12.18,22.16,0
256,0.6106294675622033,0.7441791439539555,0.12081945436954289,0.6771,6.21,-19.81,45.91,0
257,1.0692120504306768,0.7082344593193514,0.4247176665448895,0.6483,8.92,-24.99,70.91,0
258,0.5047413929118739,1.02404335121084,0.309559543213487,0.7091,7.6,-20.66,58.26,0
259,0.6627434861049576,0.9275248657623407,0.42774577089529286,0.7055,8.3,-21.31,64.88,0
260,0.7542634837541573,1.102552417083217,0.2272287151493289,0.6956,8.59,-25.85,67.69,0
261,1.1034244543333216,1.1815794403411723,0.18076803931959967,0.6643,9.98,-32.0,81.57,0
262,1.3131593458201127,0.38207894139415155,0.3996067611207455,0.5653,8.25,-25.25,64.35,0
263,1.1007339188626424,0.2596268342704817,0.2070130468946182,0.5316,6.33,-21.53,46.94,0
264,0.8176356343635617,0.09373007169643666,0.014917385049848741,0.4482,3.86,-16.74,26.78,0
265,0.8464786554071809,0.022840977380983896,0.08274387879088752,0.4424,3.93,-17.19,27.32,0
266,1.225183320850869,0.8497094828203055,0.36929019322869133,0.6462,9.82,-29.2,79.87,0
267,0.8171531711299788,1.0680233485412345,0.2969152740142238,0.6982,8.97,-26.03,71.39,0
268,0.6260263417466265,0.17246239374664096,0.34654771346485075,0.5728,4.75,-14.87,33.79,0
269,0.6729439364420781,0.608751241898452,0.49588723796435535,0.6685,7.3,-18.83,55.5,0
270,0.5040076047333395,0.019895762277068307,0.49654229096525326,0.4947,4.1,-17.34,28.66,0
271,1.0846388341341655,0.15229197062221575,0.4486510998770468,0.5331,6.69,-21.39,50.04,0
272,1.3803803001276922,0.6434404957336503,0.3108960149303783,0.5962,9.23,-29.49,73.95,0
273,0.7731871915008763,0.06062363564640618,0.2972838044454322,0.5121,4.65,-15.06,32.97,0
274,0.794755193202763,0.7963452559924223,0.4181225884213006,0.6875,8.27,-21.81,64.53,0
275,0.5181605439143641,0.7148565296228728,0.11564026984342612,0.6852,5.7,-17.99,41.54,0
276,1.3738884979038013,0.30439740787419417,0.30538506661770914,0.534,7.75,-25.95,59.65,0
277,1.0535408400896116,0.47539980007109867,0.33881038179989703,0.6052,7.59,-22.48,58.23,0
278,1.2257696347154339,0.6803253543832641,0.37921111859237705,0.6245,9.16,-27.27,73.27,0
279,1.4834170759929375,0.5031268654809661,0.25729152594276544,0.5568,8.73,-29.76,69.02,0
280,0.5124698779412132,0.955234267572454,0.2601150335229969,0.7082,7.18,-20.17,54.45,0
281,0.9079614303605652,0.11288635570727495,0.44482821083769863,0.5321,5.89,-19.73,43.16,0
282,0.8950072400405564,0.8190979178510644,0.07468707818407538,0.6356,7.41,-25.35,56.52,0
283,1.4615496295410324,0.2141301141861971,0.09977099644974519,0.4743,6.79,-28.1,51.0,0
284,1.3589828605577137,1.0950992929703174,0.1060737037616507,0.6223,10.16,-34.91,83.42,0
285,0.9698008881748279,0.8801938854753958,0.4391828669054008,0.6793,9.32,-25.41,74.86,0
286,0.8790526950373052,0.6204233842193151,0.37085820525986746,0.6554,7.7,-21.26,59.2,0
287,1.2311359766527954,0.9395521560313018,0.2849669093207632,0.647,9.88,-30.66,80.5,0
288,0.6046150968047752,1.084767949053648,0.4327862696605141,0.71,8.69,-22.35,68.61,0
289,1.298097435818333,0.11983497259287539,0.1021986835407146,0.4595,5.92,-25.38,43.41,0
290,1.243600365107652,0.02776811349833572,0.4896123168536398,0.4951,6.77,-23.69,50.83,0
291,0.8771446803556807,0.8631750404289883,0.44378554424402167,0.6863,8.93,-23.77,70.99,0
292,0.8946298881500823,0.38295898631959924,0.30437056444912336,0.6019,6.52,-19.01,48.58,0
293,1.0809893737480507,0.49096797314975654,0.3008873779338542,0.6011,7.61,-23.28,58.4,0
294,1.4353813695664948,0.5611683079519157,0.09837109037531566,0.5443,8.2,-30.39,63.94,0
295,0.8772059828830039,0.4729283791117423,0.06555434651310993,0.579,5.9,-21.05,43.24,0
296,0.6628715005545549,0.8214744880724126,0.16973887710445135,0.6859,6.92,-21.33,52.14,0
297,1.4548983918558076,0.2923160944303289,0.04946225255241116,0.481,6.91,-28.35,52.0,0
298,1.253504563000258,1.057243262301444,0.13905667843574393,0.6344,9.83,-32.91,79.97,0
299,0.702088101645478,0.22291936184530461,0.26100615068325617,0.5784,4.96,-14.06,35.43,0
